status	source_path	repository_path	role	discovery	size_bytes	sha256	note
COPIED	/oak/stanford/groups/engreitz/Users/dulguun/230916_Genome-wide_Screen_Analysis/from_chad/mageck/230523_Pipeline.ipynb	genome_wide/notebooks/230523_Pipeline.ipynb	core genome-wide U-test/pipeline notebook	exact	78184	6076efdd13e455add1b8bff1a0b53073c5ac77c5fa182b9c66c23593dca25101	copied with notebook outputs/execution counts removed
COPIED	/oak/stanford/groups/engreitz/Users/dulguun/230916_Genome-wide_Screen_Analysis/generatePlots.R	genome_wide/plotting/generatePlots.R	genome-wide volcano plotting	exact	3715	ed875fb503afd71dd3e079357bf2e1677a5a6dafb83246ec70c390909a99e871	copied unchanged
COPIED	/oak/stanford/groups/engreitz/Users/dulguun/230916_Genome-wide_Screen_Analysis/mageckflute/230920_MAGECK_Flute.R	genome_wide/plotting/230920_MAGECK_Flute.R	genome-wide rank and MAGeCKFlute plots	exact	6142	71e7c9e66be50fae8e7b3ce828183a724a8c09715c8ade1d56774916b3751fbd	copied unchanged
COPIED	/oak/stanford/groups/engreitz/Users/dulguun/231023_Validation_Screen_Files/generatePlots.R	validation/plotting/generatePlots.R	validation volcano and correlation plots	exact	16512	e3edf3cae25a4f774d862199b70eb88e1496de58af3b5c59e70434a34e2eef46	copied unchanged
COPIED	/oak/stanford/groups/engreitz/Users/dulguun/230916_Genome-wide_Screen_Analysis/full_result_files_from_Chad/Mageck_output_README.xlsx	docs/source/Mageck_output_README.xlsx	MAGeCK output column documentation	exact	9687	8ea9432f2ad943e43a3364f5ded2360c35738756d0e46eddfad8a6d843f00146	copied unchanged
COPIED	/oak/stanford/groups/engreitz/Users/dulguun/230916_Genome-wide_Screen_Analysis/from_chad/mageck/._230523_Pipeline.ipynb	genome_wide/discovered/mageck/._230523_Pipeline.ipynb	genome-wide MAGeCK/U-test analysis directory	recursive_allowlist	4096	360b74202d72b965bfca3e7ac894151825ef30ba4a8e07c5be9bfa7d8fabba3e	copied with notebook outputs/execution counts removed
COPIED	/oak/stanford/groups/engreitz/Users/dulguun/230916_Genome-wide_Screen_Analysis/from_chad/mageck/._230608_MAGECK_Flute.R	genome_wide/discovered/mageck/._230608_MAGECK_Flute.R	genome-wide MAGeCK/U-test analysis directory	recursive_allowlist	4096	8893cfc8c8bada9f0cca0d70e4f5a51f2029316b66a4092924f15578180b1afa	copied unchanged
COPIED	/oak/stanford/groups/engreitz/Users/dulguun/230916_Genome-wide_Screen_Analysis/from_chad/mageck/230523_Pipeline.ipynb	genome_wide/discovered/mageck/230523_Pipeline.ipynb	genome-wide MAGeCK/U-test analysis directory	recursive_allowlist	78184	6076efdd13e455add1b8bff1a0b53073c5ac77c5fa182b9c66c23593dca25101	copied with notebook outputs/execution counts removed
COPIED	/oak/stanford/groups/engreitz/Users/dulguun/230916_Genome-wide_Screen_Analysis/from_chad/mageck/230608_MAGECK_Flute.R	genome_wide/discovered/mageck/230608_MAGECK_Flute.R	genome-wide MAGeCK/U-test analysis directory	recursive_allowlist	2132	69781fab1d8cf8ce9f655e6858b372f07fed916f819f101f170995e68eef3fd2	copied unchanged
COPIED	/oak/stanford/groups/engreitz/Users/dulguun/230916_Genome-wide_Screen_Analysis/full_result_files_from_Chad/Files_used_for_mageck/._combined_mageck_commands.sh	genome_wide/discovered/files_used_for_mageck/._combined_mageck_commands.sh	code/configuration adjacent to genome-wide MAGeCK inputs	recursive_allowlist	4096	4a88d804aaa6679f8fa7241380b8651a20bdfc1d30f437f78e5b56245658471e	copied unchanged
COPIED	/oak/stanford/groups/engreitz/Users/dulguun/230916_Genome-wide_Screen_Analysis/full_result_files_from_Chad/Files_used_for_mageck/combined_mageck_commands.sh	genome_wide/discovered/files_used_for_mageck/combined_mageck_commands.sh	code/configuration adjacent to genome-wide MAGeCK inputs	recursive_allowlist	1580	80225380f89b6b36fc7c34d8d1255f4c5d648f5ad28d7ef34d2a1baaa864dff3	copied unchanged
COPIED	/oak/stanford/groups/engreitz/Users/chloemc/GenomeWideValidation/CRISPRiFlowFish/config/231031_Validation_SampleList.txt	validation/discovered/guide_read_processing/config/231031_Validation_SampleList.txt	validation FASTQ/guide-count processing	recursive_allowlist	5500	83c3b3c61f1e036c2bc99dc271d01e1eb6f185fe5907ffd175d5eb92af950e46	copied unchanged
COPIED	/oak/stanford/groups/engreitz/Users/chloemc/GenomeWideValidation/CRISPRiFlowFish/config/config.json	validation/discovered/guide_read_processing/config/config.json	validation FASTQ/guide-count processing	recursive_allowlist	1202	7bdf0d3fa9ae84d9be6ad2af47f07c353eed798d111bc8a66c4c4f02a9b24934	copied unchanged
COPIED	/oak/stanford/groups/engreitz/Users/chloemc/GenomeWideValidation/CRISPRiFlowFish/crispri-flowfish/README.md	validation/discovered/guide_read_processing/crispri-flowfish/README.md	validation FASTQ/guide-count processing	recursive_allowlist	9926	627acf581bc006ae4cd20ecf4fc9ff30a939abc58ae0c00b4ae76f9863302123	copied unchanged
COPIED	/oak/stanford/groups/engreitz/Users/chloemc/GenomeWideValidation/CRISPRiFlowFish/crispri-flowfish/workflow/Snakefile	validation/discovered/guide_read_processing/crispri-flowfish/workflow/Snakefile	validation FASTQ/guide-count processing	recursive_allowlist	2553	3f51fa17fce6eb23cf6c854b0045407eed7c84e4acb385e670454165cae2ed75	copied unchanged
COPIED	/oak/stanford/groups/engreitz/Users/chloemc/GenomeWideValidation/CRISPRiFlowFish/crispri-flowfish/workflow/scripts/CalculateTilingStatistic.R	validation/discovered/guide_read_processing/crispri-flowfish/workflow/scripts/CalculateTilingStatistic.R	validation FASTQ/guide-count processing	recursive_allowlist	4495	d513ae93905d32251e2c4d5c9b1e02a0d4b1d497f03954cc9561c8979daacca7	copied unchanged
COPIED	/oak/stanford/groups/engreitz/Users/chloemc/GenomeWideValidation/CRISPRiFlowFish/crispri-flowfish/workflow/scripts/FlowFISHtssKD.py	validation/discovered/guide_read_processing/crispri-flowfish/workflow/scripts/FlowFISHtssKD.py	validation FASTQ/guide-count processing	recursive_allowlist	4190	fe0aed799dd957193398fa23c7de4a6c284e2decf81b35e3bfb7fd384976e150	copied unchanged
COPIED	/oak/stanford/groups/engreitz/Users/chloemc/GenomeWideValidation/CRISPRiFlowFish/crispri-flowfish/workflow/scripts/PlotGuideCounts.R	validation/discovered/guide_read_processing/crispri-flowfish/workflow/scripts/PlotGuideCounts.R	validation FASTQ/guide-count processing	recursive_allowlist	10606	f9f113ebc20ab3ed647b39c37b420a413e7780e8612827221071eac62a432175	copied unchanged
COPIED	/oak/stanford/groups/engreitz/Users/chloemc/GenomeWideValidation/CRISPRiFlowFish/crispri-flowfish/workflow/scripts/ScoreEnhancers.py	validation/discovered/guide_read_processing/crispri-flowfish/workflow/scripts/ScoreEnhancers.py	validation FASTQ/guide-count processing	recursive_allowlist	9435	4102079efb035f7aa130ee1dccf2e2f1df4852b897ed553066ab25e76dea2ac2	copied unchanged
COPIED	/oak/stanford/groups/engreitz/Users/chloemc/GenomeWideValidation/CRISPRiFlowFish/crispri-flowfish/workflow/scripts/convert_to_real_space.py	validation/discovered/guide_read_processing/crispri-flowfish/workflow/scripts/convert_to_real_space.py	validation FASTQ/guide-count processing	recursive_allowlist	6666	06268da5f0dc6bda6e1fe59eb62ddee3ebfbaaa3bdaee6aa7a889bc256b0a00c	copied unchanged
COPIED	/oak/stanford/groups/engreitz/Users/chloemc/GenomeWideValidation/CRISPRiFlowFish/crispri-flowfish/workflow/scripts/estimate_effect_sizes.R	validation/discovered/guide_read_processing/crispri-flowfish/workflow/scripts/estimate_effect_sizes.R	validation FASTQ/guide-count processing	recursive_allowlist	19693	38d05c6ff8f07f3a4c7466a93c4d98af236c522b49912551cb766e255264b58e	copied unchanged
COPIED	/oak/stanford/groups/engreitz/Users/chloemc/GenomeWideValidation/CRISPRiFlowFish/crispri-flowfish/workflow/scripts/normalize_flowfish_to_qpcr.py	validation/discovered/guide_read_processing/crispri-flowfish/workflow/scripts/normalize_flowfish_to_qpcr.py	validation FASTQ/guide-count processing	recursive_allowlist	2609	60111717403901d125092036bd6c406ee3885be051c2aab12080f8676b36c11d	copied unchanged
COPIED	/oak/stanford/groups/engreitz/Users/chloemc/GenomeWideValidation/CRISPRiFlowFish/crispri-flowfish/workflow/scripts/plotReplicateCorrelations.R	validation/discovered/guide_read_processing/crispri-flowfish/workflow/scripts/plotReplicateCorrelations.R	validation FASTQ/guide-count processing	recursive_allowlist	2510	3ea988919f72a1d42e01639b736844b712036e3304a69d718a31a177a8cfe79c	copied unchanged
COPIED	/oak/stanford/groups/engreitz/Users/chloemc/GenomeWideValidation/CRISPRiFlowFish/fastq/Stats/Stats.json	validation/discovered/guide_read_processing/fastq/Stats/Stats.json	validation FASTQ/guide-count processing	recursive_allowlist	712922	b7c0ffd6ff3778cfc4c6693ba61d11a9f52bc6af804d94f952b7389b2b74c42c	copied unchanged
COPIED	/oak/stanford/groups/engreitz/Users/chloemc/GenomeWideValidation/CRISPRiFlowFish/fastqtrimmed/D0D3comp.count_report.Rmd	validation/discovered/guide_read_processing/fastqtrimmed/D0D3comp.count_report.Rmd	validation FASTQ/guide-count processing	recursive_allowlist	8880	049a1bd598b30d051bbdec2b3ff839439f926b9b548006fe6996f895abca26d6	copied unchanged
COPIED	/oak/stanford/groups/engreitz/Users/chloemc/GenomeWideValidation/CRISPRiFlowFish/fastqtrimmed/D0D3comp_countsummary.R	validation/discovered/guide_read_processing/fastqtrimmed/D0D3comp_countsummary.R	validation FASTQ/guide-count processing	recursive_allowlist	103	a96a4f7ea81c776a33473dabb05014fb705e3ecf419711e62ca3ca0c1289b300	copied unchanged
COPIED	/oak/stanford/groups/engreitz/Users/chloemc/GenomeWideValidation/CRISPRiFlowFish/log/demultiplex.sh	validation/discovered/guide_read_processing/log/demultiplex.sh	validation FASTQ/guide-count processing	recursive_allowlist	675	41f7160aaca07d27f212eab567bec75544a1f1833e2078e2995dc43abe49693c	copied unchanged
COPIED	/oak/stanford/groups/engreitz/Users/chloemc/GenomeWideValidation/CRISPRiFlowFish/log.sh	validation/discovered/guide_read_processing/log.sh	validation FASTQ/guide-count processing	recursive_allowlist	2065	1ccfc8c511e54cf1bbbad2dd4d5d595b1efa5dec5250110e2a4d88616bcf06da	copied unchanged
COPIED	/oak/stanford/groups/engreitz/Users/chloemc/GenomeWideValidation/CRISPRiFlowFish/mageck/D3neg.R	validation/discovered/guide_read_processing/mageck/D3neg.R	validation FASTQ/guide-count processing	recursive_allowlist	39818	e49bb120c0d9c56ff650788cee83942b591300861337552c55b58372a64e5d57	copied unchanged
COPIED	/oak/stanford/groups/engreitz/Users/chloemc/GenomeWideValidation/CRISPRiFlowFish/mageck/D3neg.report.Rmd	validation/discovered/guide_read_processing/mageck/D3neg.report.Rmd	validation FASTQ/guide-count processing	recursive_allowlist	18167	464f515c35f1374802a5a74847db3132cd6ee03ec943b6c82c07b22e61309d41	copied unchanged
COPIED	/oak/stanford/groups/engreitz/Users/chloemc/GenomeWideValidation/CRISPRiFlowFish/mageck/D3pos.R	validation/discovered/guide_read_processing/mageck/D3pos.R	validation FASTQ/guide-count processing	recursive_allowlist	48748	fb10aaaf191d79828e805a686bcecebac8973214a171cfad38f22830a381680a	copied unchanged
COPIED	/oak/stanford/groups/engreitz/Users/chloemc/GenomeWideValidation/CRISPRiFlowFish/mageck/D3pos.report.Rmd	validation/discovered/guide_read_processing/mageck/D3pos.report.Rmd	validation FASTQ/guide-count processing	recursive_allowlist	18167	1046d471692a738749171c618e6661ea56ae98f550dbb1ebb056a24fc4ecdbc9	copied unchanged
COPIED	/oak/stanford/groups/engreitz/Users/chloemc/GenomeWideValidation/CRISPRiFlowFish/mageck (from fastq)/D0_D3 comparison/D0D3neg.R	validation/discovered/guide_read_processing/mageck (from fastq)/D0_D3 comparison/D0D3neg.R	validation FASTQ/guide-count processing	recursive_allowlist	35059	9a1e74570185674afdb3a4021a868bbe0cbec72918c97c77c7be58dd6181b5c1	copied unchanged
COPIED	/oak/stanford/groups/engreitz/Users/chloemc/GenomeWideValidation/CRISPRiFlowFish/mageck (from fastq)/D0_D3 comparison/D0D3neg.report.Rmd	validation/discovered/guide_read_processing/mageck (from fastq)/D0_D3 comparison/D0D3neg.report.Rmd	validation FASTQ/guide-count processing	recursive_allowlist	18169	a4d14e3ea6039dedf21b43c754aad0d86b9519a85ab99f2e6b85fc01739bc2e6	copied unchanged
COPIED	/oak/stanford/groups/engreitz/Users/chloemc/GenomeWideValidation/CRISPRiFlowFish/mageck (from fastq)/D0_D3 comparison/D0D3pos.R	validation/discovered/guide_read_processing/mageck (from fastq)/D0_D3 comparison/D0D3pos.R	validation FASTQ/guide-count processing	recursive_allowlist	39622	8b3f32f7406eec3aac4e000f81774168083a6f623053cd82a2ce64fb67f70473	copied unchanged
COPIED	/oak/stanford/groups/engreitz/Users/chloemc/GenomeWideValidation/CRISPRiFlowFish/mageck (from fastq)/D0_D3 comparison/D0D3pos.report.Rmd	validation/discovered/guide_read_processing/mageck (from fastq)/D0_D3 comparison/D0D3pos.report.Rmd	validation FASTQ/guide-count processing	recursive_allowlist	18169	b2a5713656486390a024f7dcadf9b32c90607af0e974c4994389b1ed1a98c3cd	copied unchanged
COPIED	/oak/stanford/groups/engreitz/Users/chloemc/GenomeWideValidation/CRISPRiFlowFish/mageck (from fastq)/D0_D3 separate non-safetargeting/D0D3neg.R	validation/discovered/guide_read_processing/mageck (from fastq)/D0_D3 separate non-safetargeting/D0D3neg.R	validation FASTQ/guide-count processing	recursive_allowlist	35059	9a1e74570185674afdb3a4021a868bbe0cbec72918c97c77c7be58dd6181b5c1	copied unchanged
COPIED	/oak/stanford/groups/engreitz/Users/chloemc/GenomeWideValidation/CRISPRiFlowFish/mageck (from fastq)/D0_D3 separate non-safetargeting/D0D3neg.report.Rmd	validation/discovered/guide_read_processing/mageck (from fastq)/D0_D3 separate non-safetargeting/D0D3neg.report.Rmd	validation FASTQ/guide-count processing	recursive_allowlist	18169	a4d14e3ea6039dedf21b43c754aad0d86b9519a85ab99f2e6b85fc01739bc2e6	copied unchanged
COPIED	/oak/stanford/groups/engreitz/Users/chloemc/GenomeWideValidation/CRISPRiFlowFish/mageck (from fastq)/D0_D3 separate non-safetargeting/D0D3pos.R	validation/discovered/guide_read_processing/mageck (from fastq)/D0_D3 separate non-safetargeting/D0D3pos.R	validation FASTQ/guide-count processing	recursive_allowlist	35299	8b101a0c98f42625e014bef1dae2ca0057ef79eee7cf81c845158edbe2431899	copied unchanged
COPIED	/oak/stanford/groups/engreitz/Users/chloemc/GenomeWideValidation/CRISPRiFlowFish/mageck (from fastq)/D0_D3 separate non-safetargeting/D0D3pos.report.Rmd	validation/discovered/guide_read_processing/mageck (from fastq)/D0_D3 separate non-safetargeting/D0D3pos.report.Rmd	validation FASTQ/guide-count processing	recursive_allowlist	18169	b2a5713656486390a024f7dcadf9b32c90607af0e974c4994389b1ed1a98c3cd	copied unchanged
COPIED	/oak/stanford/groups/engreitz/Users/chloemc/GenomeWideValidation/MageckAnalysis/D3pos_v_D0/sample1.R	validation/discovered/mageck/D3pos_v_D0/sample1.R	validation MAGeCK analysis	recursive_allowlist	48756	68268d01b3b7b97fa1073ae7b04d0c59a6448fde016cf782d8c07e1212e58bbe	copied unchanged
COPIED	/oak/stanford/groups/engreitz/Users/chloemc/GenomeWideValidation/MageckAnalysis/D3pos_v_D0/sample1.gene_summary.txt	validation/discovered/mageck/D3pos_v_D0/sample1.gene_summary.txt	validation MAGeCK analysis	recursive_allowlist	26513	2e77f2eed748b5c81d0c6c3105efb198a96abd697db868a51233f0555579f512	copied unchanged
COPIED	/oak/stanford/groups/engreitz/Users/chloemc/GenomeWideValidation/MageckAnalysis/D3pos_v_D0/sample1.report.Rmd	validation/discovered/mageck/D3pos_v_D0/sample1.report.Rmd	validation MAGeCK analysis	recursive_allowlist	18169	0f4ebf82e7a533e23cbd76a8ba3af33bc3673a481308f593a0808fcc7f89b067	copied unchanged
COPIED	/oak/stanford/groups/engreitz/Users/chloemc/GenomeWideValidation/MageckAnalysis/D3pos_v_D0/sample1.sgrna_summary.txt	validation/discovered/mageck/D3pos_v_D0/sample1.sgrna_summary.txt	validation MAGeCK analysis	recursive_allowlist	276129	797a5e84774bb9f65d7328438ff937b8e83bd1d3ec2263f849dcff9401f709d5	copied unchanged
COPIED	/oak/stanford/groups/engreitz/Users/chloemc/GenomeWideValidation/MageckAnalysis/D3pos_v_D3neg/sample1.R	validation/discovered/mageck/D3pos_v_D3neg/sample1.R	validation MAGeCK analysis	recursive_allowlist	48931	e5858b0a610f02ec560820637ca461b2e79741cf846e7b3a47ce02b21f099e67	copied unchanged
COPIED	/oak/stanford/groups/engreitz/Users/chloemc/GenomeWideValidation/MageckAnalysis/D3pos_v_D3neg/sample1.report.Rmd	validation/discovered/mageck/D3pos_v_D3neg/sample1.report.Rmd	validation MAGeCK analysis	recursive_allowlist	18169	0f4ebf82e7a533e23cbd76a8ba3af33bc3673a481308f593a0808fcc7f89b067	copied unchanged
COPIED	/oak/stanford/groups/engreitz/Users/chloemc/GenomeWideValidation/MageckAnalysis/D3pos_v_D3neg/sample1.sgrna_summary.txt	validation/discovered/mageck/D3pos_v_D3neg/sample1.sgrna_summary.txt	validation MAGeCK analysis	recursive_allowlist	279161	ad4895612362bd9284ae35112d2cf0648b32e394a7d46681af62a41b4571d06a	copied unchanged
COPIED	/oak/stanford/groups/engreitz/Users/chloemc/GenomeWideValidation/MageckAnalysis/D3total_v_D0/sample1.R	validation/discovered/mageck/D3total_v_D0/sample1.R	validation MAGeCK analysis	recursive_allowlist	48309	5f0521e97943a7960d227eac8cf2218024474e388e11e22c1c65670ced27c25e	copied unchanged
COPIED	/oak/stanford/groups/engreitz/Users/chloemc/GenomeWideValidation/MageckAnalysis/D3total_v_D0/sample1.report.Rmd	validation/discovered/mageck/D3total_v_D0/sample1.report.Rmd	validation MAGeCK analysis	recursive_allowlist	18169	0f4ebf82e7a533e23cbd76a8ba3af33bc3673a481308f593a0808fcc7f89b067	copied unchanged
COPIED	/oak/stanford/groups/engreitz/Users/chloemc/GenomeWideValidation/MageckAnalysis/D3total_v_D0/sample1.sgrna_summary.txt	validation/discovered/mageck/D3total_v_D0/sample1.sgrna_summary.txt	validation MAGeCK analysis	recursive_allowlist	281562	f1147116a5c554833cc4b18e387b782809ef326ac4b94834448f99b19ea88d35	copied unchanged
COPIED	/oak/stanford/groups/engreitz/Users/chloemc/GenomeWideValidation/UTestAnalysis/GenerateFrequencyFiles.py	validation/discovered/utest/GenerateFrequencyFiles.py	validation U-test analysis	recursive_allowlist	3824	2083026c7ee521aedf0437fa8583f802d4e502d71bf216223ccb5c09ecceb82c	copied unchanged
COPIED	/oak/stanford/groups/engreitz/Users/chloemc/GenomeWideValidation/UTestAnalysis/UTest_Analysis.py	validation/discovered/utest/UTest_Analysis.py	validation U-test analysis	recursive_allowlist	6372	56f7c3fe1f5a851d0120899405d1f6b3b13240f2f07073e7f07d6c578d687624	copied unchanged
COPIED	/oak/stanford/groups/engreitz/Users/dulguun/231023_Validation_Screen_Files/._create_tab_of_hits.R	validation/discovered/summary_and_plots/._create_tab_of_hits.R	validation summary/plotting code	recursive_allowlist	4096	5ccd7650acc93b1323d0b4737e737dcd031b4e3595fb9d0705430e8b8a43f5b3	copied unchanged
COPIED	/oak/stanford/groups/engreitz/Users/dulguun/231023_Validation_Screen_Files/._generatePlots.R	validation/discovered/summary_and_plots/._generatePlots.R	validation summary/plotting code	recursive_allowlist	4096	51ac358eba6bd723dd0fbf5e4741ecf5d38dc47673640e51c44b1280fec55332	copied unchanged
COPIED	/oak/stanford/groups/engreitz/Users/dulguun/231023_Validation_Screen_Files/create_tab_of_hits.R	validation/discovered/summary_and_plots/create_tab_of_hits.R	validation summary/plotting code	recursive_allowlist	1865	371ccb70c08f53baa816e8d9629d8609227f0746d5871b2f544f4010529be4d1	copied unchanged
COPIED	/oak/stanford/groups/engreitz/Users/dulguun/231023_Validation_Screen_Files/generatePlots.R	validation/discovered/summary_and_plots/generatePlots.R	validation summary/plotting code	recursive_allowlist	16512	e3edf3cae25a4f774d862199b70eb88e1496de58af3b5c59e70434a34e2eef46	copied unchanged
